CHECKED (y/n),NOTES,campus,name,categories,hours,capacity,contact,look up,id
,"WHAT COUNTS AS CHECKED: someone went there in person, or called and spoke to the place, within the last ~6 months, AND confirmed all three — it exists, it is at the spot the map shows, and our listed hours are right. y = all three confirmed. n = closed, moved, or the pin is in the wrong place. Leave blank if not checked. A website or Street View is NOT enough — that is where this data already came from.",,^^ READ THIS FIRST — do not fill this row ^^,,,,,,
,,columbia,John Jay Hall,dorm,Residential building — access restricted to residents,,https://www.housing.columbia.edu/johnjay,"https://www.google.com/maps/search/?api=1&query=40.8059,-73.9624",john-jay-hall
,,columbia,Hartley Hall,dorm,Residential building — access restricted to residents,,https://www.housing.columbia.edu/hartley,"https://www.google.com/maps/search/?api=1&query=40.806466,-73.961785",hartley-hall
,,columbia,McBain Hall,dorm,Residential building — access restricted to residents,,https://www.housing.columbia.edu/mcbain,"https://www.google.com/maps/search/?api=1&query=40.8065,-73.9635",mcbain-hall
,,columbia,Wallach Hall,dorm,Residential building — access restricted to residents,,https://www.housing.columbia.edu/wallach,"https://www.google.com/maps/search/?api=1&query=40.8054,-73.964",wallach-hall
,,columbia,Wien Hall,dorm,Residential building — access restricted to residents,,https://www.housing.columbia.edu/wien,"https://www.google.com/maps/search/?api=1&query=40.8054,-73.9638",wien-hall
,,columbia,Carman Hall,dorm,Residential building — access restricted to residents,,https://www.housing.columbia.edu/carman,"https://www.google.com/maps/search/?api=1&query=40.8063,-73.9635",carman-hall
,,columbia,Furnald Hall,dorm,Residential building — access restricted to residents,,https://www.housing.columbia.edu/furnald,"https://www.google.com/maps/search/?api=1&query=40.807,-73.964",furnald-hall
,,columbia,Broadway Hall,dorm,Residential building — access restricted to residents,,https://www.housing.columbia.edu/broadway,"https://www.google.com/maps/search/?api=1&query=40.8065,-73.9642",broadway-hall
,,columbia,Hogan Hall,dorm,Residential building — access restricted to residents (shares entrance with Broadway Hall),,https://www.housing.columbia.edu/hogan,"https://www.google.com/maps/search/?api=1&query=40.8065,-73.9642",hogan-hall
,,columbia,East Campus,dorm,Residential building — access restricted to residents,,https://www.housing.columbia.edu/eastcampus,"https://www.google.com/maps/search/?api=1&query=40.8087,-73.9595",east-campus
,,columbia,47 Claremont Avenue,dorm,Residential building — access restricted to residents,,https://www.housing.columbia.edu/47claremont,"https://www.google.com/maps/search/?api=1&query=40.81,-73.966",47-claremont
,,columbia,Schapiro Hall,dorm,Residential building — access restricted to residents,,https://www.housing.columbia.edu/schapiro,"https://www.google.com/maps/search/?api=1&query=40.8065,-73.9645",schapiro-hall
,,columbia,Ruggles Hall,dorm,Residential building — access restricted to residents,,https://www.housing.columbia.edu/ruggles,"https://www.google.com/maps/search/?api=1&query=40.8065,-73.9635",ruggles-hall
,,columbia,Watt Hall,dorm,Residential building — access restricted to residents,,https://www.housing.columbia.edu/watt,"https://www.google.com/maps/search/?api=1&query=40.8065,-73.9635",watt-hall
,,columbia,Harmony Hall,dorm,Residential building — access restricted to residents,,https://www.housing.columbia.edu/harmony,"https://www.google.com/maps/search/?api=1&query=40.8065,-73.9635",harmony-hall
,,columbia,River Hall,dorm,Residential building — access restricted to residents,,https://www.housing.columbia.edu/river,"https://www.google.com/maps/search/?api=1&query=40.8065,-73.9635",river-hall
,,columbia,Woodbridge Hall,dorm,Residential building — access restricted to residents,,https://www.housing.columbia.edu/woodbridge,"https://www.google.com/maps/search/?api=1&query=40.8065,-73.969",woodbridge-hall
,,columbia,Butler Library,"library, wifi, quiet",Hours vary by semester and during finals — check library.columbia.edu/libraries/butler,,https://library.columbia.edu/libraries/butler.html,"https://www.google.com/maps/search/?api=1&query=40.8064,-73.963",butler-library
,,columbia,Avery Architectural & Fine Arts Library,"library, quiet, wifi, power, restroom, rain-backup",Hours vary by semester — check library.columbia.edu/libraries/avery,,https://library.columbia.edu/libraries/avery.html,"https://www.google.com/maps/search/?api=1&query=40.8082,-73.961",avery-library
,,columbia,C.V. Starr East Asian Library,"library, quiet, wifi",Hours vary by semester — check library.columbia.edu/libraries/eastasian,,https://library.columbia.edu/libraries/eastasian.html,"https://www.google.com/maps/search/?api=1&query=40.8072,-73.9617",starr-east-asian-library
,,columbia,Lehman Social Sciences Library,"library, wifi, power, restroom, rain-backup",Hours vary by semester — check library.columbia.edu,,https://library.columbia.edu/libraries.html,"https://www.google.com/maps/search/?api=1&query=40.8082,-73.9585",lehman-library
,,columbia,The Burke Library (Union Theological Seminary),"library, quiet",Hours vary by semester — check library.columbia.edu,,https://library.columbia.edu/libraries.html,"https://www.google.com/maps/search/?api=1&query=40.81,-73.9615",burke-library
,,columbia,Business & Economics Library (Uris Hall),"library, wifi, power",Hours vary by semester — check library.columbia.edu,,https://library.columbia.edu/libraries.html,"https://www.google.com/maps/search/?api=1&query=40.808,-73.9588",uris-business-library
,,columbia,Journalism Library,"library, quiet",Hours vary by semester — check library.columbia.edu,,https://library.columbia.edu/libraries.html,"https://www.google.com/maps/search/?api=1&query=40.8078,-73.9613",journalism-library
,,columbia,Li Lu Law Library,"library, wifi, power",Hours vary by semester — check library.columbia.edu,,https://library.columbia.edu/libraries.html,"https://www.google.com/maps/search/?api=1&query=40.8075,-73.96",law-library
,,columbia,Mathematics Library,"library, quiet",Hours vary by semester — check library.columbia.edu,,https://library.columbia.edu/libraries.html,"https://www.google.com/maps/search/?api=1&query=40.808,-73.9622",math-library
,,columbia,Gabe M. Wiener Music & Arts Library,"library, quiet",Hours vary by semester — check library.columbia.edu,,https://library.columbia.edu/libraries.html,"https://www.google.com/maps/search/?api=1&query=40.8078,-73.9625",music-arts-library
,,columbia,Science & Engineering Library,"library, wifi, power",Hours vary by semester — check library.columbia.edu,,https://library.columbia.edu/libraries.html,"https://www.google.com/maps/search/?api=1&query=40.809,-73.9615",science-engineering-library
,,columbia,Social Work Library,"library, quiet",Hours vary by semester — check library.columbia.edu,,https://library.columbia.edu/libraries.html,"https://www.google.com/maps/search/?api=1&query=40.8095,-73.96",social-work-library
,,columbia,Barnard Library,"library, quiet, wifi","Hours vary by semester — separate institution, check its own listing before assuming Columbia access rules apply",,https://barnard.edu/library,"https://www.google.com/maps/search/?api=1&query=40.8085,-73.9648",barnard-library
,,columbia,Jewish Theological Seminary Library,"library, quiet","Hours vary by semester — separate institution, check its own listing before assuming Columbia access rules apply",,https://library.columbia.edu/libraries.html,"https://www.google.com/maps/search/?api=1&query=40.8105,-73.9618",jts-library
,,columbia,Teachers College Library (Gottesman Libraries),"library, quiet, wifi","Hours vary by semester — separate institution, check its own listing before assuming Columbia access rules apply",,https://library.tc.columbia.edu/,"https://www.google.com/maps/search/?api=1&query=40.8093,-73.9605",tc-library
,,columbia,Chef Mike's Sub Shop,"dining, group-food",Hours vary by semester — check dining.columbia.edu/chef-mikes,10,https://dining.columbia.edu/chef-mikes,"https://www.google.com/maps/search/?api=1&query=40.808,-73.959",chef-mikes
,,columbia,John Jay Dining Hall,"dining, group-food",Sun–Thu 9:30am–9pm (Spring 2026 posted hours) — check dining.columbia.edu for current schedule,30,https://dining.columbia.edu/,"https://www.google.com/maps/search/?api=1&query=40.8059,-73.9624",john-jay-dining
,,columbia,JJ's Place,"dining, group-food","Open late, 7 days/week — check dining.columbia.edu for current hours",15,https://dining.columbia.edu/,"https://www.google.com/maps/search/?api=1&query=40.8059,-73.9624",jjs-place
,,columbia,Ferris Booth Commons,"dining, group-food","Mon–Fri 7:30am–8pm, Sat 9am–8pm, Sun 10am–2pm & 4–8pm (Spring 2026 posted hours)",30,https://dining.columbia.edu/,"https://www.google.com/maps/search/?api=1&query=40.80685,-73.96394",ferris-booth-commons
,,columbia,Faculty House,"dining, group-food",Mon–Thu 11am–2:30pm (Spring 2026 posted hours) — check facultyhouse.columbia.edu,20,https://facultyhouse.columbia.edu/,"https://www.google.com/maps/search/?api=1&query=40.8085,-73.9595",faculty-house
,,columbia,116th St – Columbia University Station (1 train),subway,Subway service runs 24/7,,,"https://www.google.com/maps/search/?api=1&query=40.8081,-73.9639",subway-116th
,,columbia,International Affairs Building Garage,parking,Visitor spots are very limited — primarily reserved for faculty; call ahead to confirm availability,,https://transportation.columbia.edu/parking,"https://www.google.com/maps/search/?api=1&query=40.8082,-73.9585",iab-garage
,,columbia,Champion Parking,parking,"Commercial garage, open 24 hours",,tel:+12126630113,"https://www.google.com/maps/search/?api=1&query=40.8054,-73.9648",champion-parking
,,columbia,Rapid Park at Riverside Church (621 W 120th St),parking,"Commercial garage, open 6am–midnight",,tel:+12128706736,"https://www.google.com/maps/search/?api=1&query=40.81117,-73.96317",claremont-parking
,,columbia,Dodge Fitness Center,gym,Open gym hours vary by semester — check perec.columbia.edu,,https://perec.columbia.edu/,"https://www.google.com/maps/search/?api=1&query=40.8098,-73.9642",dodge-fitness
,,columbia,Alfred Lerner Hall,"restroom, rain-backup, power, meet",Generally open daily; specific hours vary — check lernerhall.columbia.edu,40,https://lernerhall.columbia.edu/,"https://www.google.com/maps/search/?api=1&query=40.80685,-73.96394",lerner-hall
,,columbia,Low Library Steps / Sundial,"meet, sit-no-id",Open-air plaza — but Columbia's campus has had periods of restricted public/visitor access in recent years; confirm current entry policy at visit.columbia.edu before planning to meet here,50,https://visit.columbia.edu/,"https://www.google.com/maps/search/?api=1&query=40.80833,-73.96194",low-library-sundial
,,columbia,College Walk,"meet, sit-no-id",Open-air central promenade — same visitor-access caveat as Low Library applies,50,https://visit.columbia.edu/,"https://www.google.com/maps/search/?api=1&query=40.8075,-73.9615",college-walk
,,columbia,St. Paul's Chapel,quiet,"Hours vary, generally open during the day when no events are scheduled — check religiouslife.columbia.edu",,https://religiouslife.columbia.edu/content/st-pauls-chapel,"https://www.google.com/maps/search/?api=1&query=40.80783,-73.96094",st-pauls-chapel
,,columbia,Sakura Park,meet,"Public NYC park — open dawn to dusk generally, no ID needed",30,https://riversideparknyc.org/parks/sakura-park/,"https://www.google.com/maps/search/?api=1&query=40.81306,-73.96222",sakura-park
,,columbia,Riverside Park (near W116 St),"meet, sit-no-id","Public NYC park along the Hudson — open dawn to dusk generally, no ID needed",50,https://riversideparknyc.org/,"https://www.google.com/maps/search/?api=1&query=40.8081,-73.9695",riverside-park
,,columbia,Morningside Park,"meet, sit-no-id","Public NYC park on campus's east side — open dawn to dusk generally, no ID needed",40,https://www.nycgovparks.org/parks/morningside-park,"https://www.google.com/maps/search/?api=1&query=40.8081,-73.9585",morningside-park
,,columbia,Riverside Church,church,Service times and visiting hours vary — check trcnyc.org,,https://www.trcnyc.org/,"https://www.google.com/maps/search/?api=1&query=40.8116,-73.9629",riverside-church
,,columbia,Cathedral of St. John the Divine,church,Service times and visiting hours vary — check stjohndivine.org,,https://www.stjohndivine.org/,"https://www.google.com/maps/search/?api=1&query=40.80384,-73.96296",st-john-divine
,,columbia,Broadway Presbyterian Church,church,Service times and visiting hours vary — check bpcnyc.org,,https://www.bpcnyc.org/,"https://www.google.com/maps/search/?api=1&query=40.8069,-73.9642",broadway-presbyterian
,,columbia,Corpus Christi Church,church,Mass times and visiting hours vary — check corpus-christi-nyc.org,,https://www.corpus-christi-nyc.org/,"https://www.google.com/maps/search/?api=1&query=40.81111,-73.96077",corpus-christi
,,columbia,Tom's Restaurant,group-food,Regular diner hours — no reservations needed,15,,"https://www.google.com/maps/search/?api=1&query=40.8053,-73.9645",toms-restaurant
,,columbia,Koronet Pizza,group-food,"Mon–Thu, Sun 10am–2am; Fri–Sat 10am–4am",15,https://www.koronetpizzany.com/,"https://www.google.com/maps/search/?api=1&query=40.8055,-73.9648",koronet-pizza
,,columbia,Community Food & Juice,group-food,Hours vary — check communityfoodandjuice.com,20,https://www.communityfoodandjuice.com/,"https://www.google.com/maps/search/?api=1&query=40.8059,-73.9648",community-food-juice
,,columbia,Max Soha,group-food,"Breakfast/Lunch daily 9am–4pm, Dinner daily 4–10:30pm",20,https://www.maxsoha.com/,"https://www.google.com/maps/search/?api=1&query=40.811,-73.9578",max-soha
,,nyu,Weinstein Hall,dorm,Residential building — access restricted to residents,,https://www.nyu.edu/students/student-information-and-resources/housing-and-dining.html,"https://www.google.com/maps/search/?api=1&query=40.73101,-73.995",nyu-weinstein-hall
,,nyu,Brittany Hall,dorm,Residential building — access restricted to residents,,https://www.nyu.edu/students/student-information-and-resources/housing-and-dining.html,"https://www.google.com/maps/search/?api=1&query=40.7321,-73.9918",nyu-brittany-hall
,,nyu,Third North,dorm,Residential building — access restricted to residents,,https://www.nyu.edu/students/student-information-and-resources/housing-and-dining.html,"https://www.google.com/maps/search/?api=1&query=40.73145,-73.98798",nyu-third-north
,,nyu,Founders Hall,dorm,Residential building — access restricted to residents,,https://www.nyu.edu/students/student-information-and-resources/housing-and-dining.html,"https://www.google.com/maps/search/?api=1&query=40.73205,-73.98928",nyu-founders-hall
,,nyu,University Hall,dorm,Residential building — access restricted to residents,,https://www.nyu.edu/students/student-information-and-resources/housing-and-dining.html,"https://www.google.com/maps/search/?api=1&query=40.73371,-73.9892",nyu-university-hall
,,nyu,Palladium Hall,dorm,Residential building — access restricted to residents,,https://www.nyu.edu/students/student-information-and-resources/housing-and-dining.html,"https://www.google.com/maps/search/?api=1&query=40.73348,-73.98803",nyu-palladium-hall
,,nyu,Alumni Hall,dorm,Residential building — access restricted to residents,,https://www.nyu.edu/students/student-information-and-resources/housing-and-dining.html,"https://www.google.com/maps/search/?api=1&query=40.73013,-73.98895",nyu-alumni-hall
,,nyu,Coral Tower,dorm,Residential building — access restricted to residents,,https://www.nyu.edu/students/student-information-and-resources/housing-and-dining.html,"https://www.google.com/maps/search/?api=1&query=40.73338,-73.98671",nyu-coral-tower
,,nyu,Seventh Street Residence,dorm,Residential building — access restricted to residents,,https://www.nyu.edu/students/student-information-and-resources/housing-and-dining.html,"https://www.google.com/maps/search/?api=1&query=40.72807,-73.98887",nyu-seventh-street-residence
,,nyu,Gramercy Green,dorm,Residential building — access restricted to residents,,https://www.nyu.edu/students/student-information-and-resources/housing-and-dining.html,"https://www.google.com/maps/search/?api=1&query=40.73929,-73.98319",nyu-gramercy-green
,,nyu,Lafayette Hall,dorm,"Residential building — access restricted to residents (in Chinatown, roughly a 20-minute walk south of Washington Square)",,https://www.nyu.edu/students/student-information-and-resources/housing-and-dining.html,"https://www.google.com/maps/search/?api=1&query=40.71718,-74.0021",nyu-lafayette-hall
,,nyu,Elmer Holmes Bobst Library,"library, quiet, wifi, power","Hours vary by semester — NYU ID required for entry, visitors need a sponsored guest pass; check library.nyu.edu",,https://library.nyu.edu/locations/bobst-library/,"https://www.google.com/maps/search/?api=1&query=40.72943,-73.99722",nyu-bobst-library
,,nyu,Washington Square Park,"meet, sit-no-id","Public NYC park — open dawn to dusk generally, no ID needed",,https://www.nycgovparks.org/parks/washington-square-park,"https://www.google.com/maps/search/?api=1&query=40.73089,-73.99759",nyu-washington-square-park
,,nyu,"John A. Paulson Center (residence, athletics & recreation)","gym, dorm",Hours vary by semester — NYU ID required; check nyu.edu/paulsoncenter,,https://www.nyu.edu/life/campus-resources/paulson-center.html,"https://www.google.com/maps/search/?api=1&query=40.72658,-73.99754",nyu-paulson-center
,,nyu,Generoso Pope Catholic Center at NYU,church,Mass times and visiting hours vary — check catholic.nyu.edu,,https://www.catholic.nyu.edu/,"https://www.google.com/maps/search/?api=1&query=40.72992,-73.99817",nyu-catholic-center
,,nyu,"8th St – NYU Station (N, R, W)",subway,Subway service runs 24/7,,,"https://www.google.com/maps/search/?api=1&query=40.73033,-73.99263",nyu-subway-8th-st
,,nyu,"W 4th St – Washington Square (A, C, E, B, D, F, M)",subway,Subway service runs 24/7,,,"https://www.google.com/maps/search/?api=1&query=40.73164,-74.00099",nyu-subway-w4th
,,nyu,Astor Place (6),subway,Subway service runs 24/7,,,"https://www.google.com/maps/search/?api=1&query=40.72985,-73.99139",nyu-subway-astor-place
,,nyu,Bleecker St (6),subway,Subway service runs 24/7,,,"https://www.google.com/maps/search/?api=1&query=40.72595,-73.99468",nyu-subway-bleecker
,,nyu,"Broadway–Lafayette St (B, D, F, M)",subway,Subway service runs 24/7,,,"https://www.google.com/maps/search/?api=1&query=40.7253,-73.9962",nyu-subway-broadway-lafayette
,,nyu,"14th St – Union Square (4, 5, 6, L, N, Q, R, W)",subway,Subway service runs 24/7,,,"https://www.google.com/maps/search/?api=1&query=40.73476,-73.99054",nyu-subway-union-square
,,nyu,Christopher St – Stonewall (1),subway,Subway service runs 24/7,,,"https://www.google.com/maps/search/?api=1&query=40.73361,-74.00283",nyu-subway-christopher-st
,,nyu,"Prince St (N, R, W)",subway,Subway service runs 24/7,,,"https://www.google.com/maps/search/?api=1&query=40.72433,-73.9977",nyu-subway-prince-st
,,nyu,Rubin Hall,dorm,Residential building — access restricted to residents (35 Fifth Avenue),,https://housing.nyu.edu/residencehalls,"https://www.google.com/maps/search/?api=1&query=40.73346,-73.99501",nyu-rubin-hall
,,nyu,Lipton Hall,dorm,Residential building — access restricted to residents (33 Washington Square West),,https://housing.nyu.edu/residencehalls,"https://www.google.com/maps/search/?api=1&query=40.73163,-73.99955",nyu-lipton-hall
,,nyu,Carlyle Court,dorm,Residential building — access restricted to residents (25 Union Square West),,https://housing.nyu.edu/residencehalls,"https://www.google.com/maps/search/?api=1&query=40.73628,-73.99121",nyu-carlyle-court
,,nyu,Second Street Residence Hall,dorm,Residential building — access restricted to residents (1 East 2nd Street),,https://housing.nyu.edu/residencehalls,"https://www.google.com/maps/search/?api=1&query=40.72546,-73.99186",nyu-second-street
,,nyu,Sixth Street Residence,dorm,Residential building — access restricted to residents (200 East 6th Street),,https://housing.nyu.edu/residencehalls,"https://www.google.com/maps/search/?api=1&query=40.72813,-73.99055",nyu-sixth-street
,,nyu,Broome Street Residence,dorm,Residential building — access restricted to residents (400 Broome Street),,https://housing.nyu.edu/residencehalls,"https://www.google.com/maps/search/?api=1&query=40.72088,-73.99746",nyu-broome-street
,,nyu,Greenwich Hall,dorm,Residential building — access restricted to residents (636 Greenwich Street),,https://housing.nyu.edu/residencehalls,"https://www.google.com/maps/search/?api=1&query=40.7313,-74.00808",nyu-greenwich-hall
,,nyu,Clark Street Residence Hall,dorm,"Residential building — access restricted to residents (55 Clark Street, Brooklyn Heights)",,https://housing.nyu.edu/residencehalls,"https://www.google.com/maps/search/?api=1&query=40.69774,-73.99382",nyu-clark-street
,,nyu,Othmer Hall,dorm,"Residential building — access restricted to residents (101 Johnson Street, Brooklyn (Tandon campus))",,https://housing.nyu.edu/residencehalls,"https://www.google.com/maps/search/?api=1&query=40.69514,-73.98633",nyu-othmer-hall
,,nyu,"NYU Eats at Weinstein — Downstein, Upstein, Sidestein Market, Kosher Eatery",dining,"Hours vary by semester — NYU ID and meal plan or Dining Dollars required; in Weinstein Hall, 11 University Place. Check nyu.edu/dining",,https://www.nyu.edu/students/student-information-and-resources/housing-and-dining/dining.html,"https://www.google.com/maps/search/?api=1&query=40.73101,-73.995",nyu-dining-weinstein
,,nyu,NYU Eats at Third North,dining,"Hours vary by semester — NYU ID and meal plan or Dining Dollars required; in Third North, 75 Third Avenue. Check nyu.edu/dining",,https://www.nyu.edu/students/student-information-and-resources/housing-and-dining/dining.html,"https://www.google.com/maps/search/?api=1&query=40.73145,-73.98798",nyu-dining-third-north
,,nyu,NYU Eats at Lipton,dining,"Hours vary by semester — NYU ID and meal plan or Dining Dollars required; in Lipton Hall, 33 Washington Square West. Check nyu.edu/dining",,https://www.nyu.edu/students/student-information-and-resources/housing-and-dining/dining.html,"https://www.google.com/maps/search/?api=1&query=40.73163,-73.99955",nyu-dining-lipton
,,nyu,Marketplace at Kimmel,dining,"Hours vary by semester — NYU ID and meal plan or Dining Dollars required; in Kimmel Center for University Life, 60 Washington Square South. Check nyu.edu/dining",,https://www.nyu.edu/students/student-information-and-resources/housing-and-dining/dining.html,"https://www.google.com/maps/search/?api=1&query=40.72979,-73.99787",nyu-dining-kimmel
,,nyu,Crave NYU & Cafe 181,dining,"Hours vary by semester — NYU ID and meal plan or Dining Dollars required; in Paulson Center, 181 Mercer Street. Check nyu.edu/dining",,https://www.nyu.edu/students/student-information-and-resources/housing-and-dining/dining.html,"https://www.google.com/maps/search/?api=1&query=40.72658,-73.99754",nyu-dining-paulson
,,nyu,NYU Eats at Palladium,dining,"Hours vary by semester — NYU ID and meal plan or Dining Dollars required; in Palladium Hall, 140 East 14th Street. Check nyu.edu/dining",,https://www.nyu.edu/students/student-information-and-resources/housing-and-dining/dining.html,"https://www.google.com/maps/search/?api=1&query=40.73331,-73.98841",nyu-dining-palladium
,,nyu,UHall Commons Café,dining,"Hours vary by semester — NYU ID and meal plan or Dining Dollars required; in University Hall, 110 East 14th Street. Check nyu.edu/dining",,https://www.nyu.edu/students/student-information-and-resources/housing-and-dining/dining.html,"https://www.google.com/maps/search/?api=1&query=40.73371,-73.9892",nyu-dining-uhall
,,nyu,Café 370,dining,"Hours vary by semester — NYU ID and meal plan or Dining Dollars required; in 370 Jay Street, Brooklyn (Tandon campus). Check nyu.edu/dining",,https://www.nyu.edu/students/student-information-and-resources/housing-and-dining/dining.html,"https://www.google.com/maps/search/?api=1&query=40.69278,-73.98756",nyu-dining-cafe-370
,,nyu,Jasper Kane Café & Bridgeview Bytes,dining,"Hours vary by semester — NYU ID and meal plan or Dining Dollars required; in 6 MetroTech Center, Brooklyn (Tandon campus). Check nyu.edu/dining",,https://www.nyu.edu/students/student-information-and-resources/housing-and-dining/dining.html,"https://www.google.com/maps/search/?api=1&query=40.69454,-73.98679",nyu-dining-jasper-kane
